Input Insured Name,Company Name,Company ID
Prestige International Holding,Prestige International Holding,
Prestige International Holding,Prestige International Holding,
Prestige International Holding,Prestige International Holding,
Prestige International Holding,Prestige International Holding,
Prestige International Holding,Prestige International Holding,
Prestige International Holding,Prestige International Holding,
Prestige International Holding,Prestige International Holding,
Prestige International Holding,Prestige International Holding,
Prestige International Holding,Prestige International Holding,
Prestige International Holding,Prestige International Holding,
Ministry of Defence of Slovak Republic,Ministry of Defence of Slovak Republic,
Ministry of Defence of Slovak Republic,Ministry of Defence of Slovak Republic,
Ministry of Defence of Slovak Republic,Ministry of Defence of Slovak Republic,
Ministry of Defence of Slovak Republic,Ministry of Defence of Slovak Republic,
CAAC,China Civil Aviation Institute,IQ31234420
CAAC,China Civil Aviation Institute,IQ31234420
CAAC,China Civil Aviation Institute,IQ31234420
CAAC,China Civil Aviation Institute,IQ31234420
CAAC,China Civil Aviation Institute,IQ31234420
CAAC,China Civil Aviation Institute,IQ31234420
CAAC,China Civil Aviation Institute,IQ31234420
CAAC,China Civil Aviation Institute,IQ31234420
CAAC,China Civil Aviation Institute,IQ31234420
CAAC,China Civil Aviation Institute,IQ31234420
CAAC,China Civil Aviation Institute,IQ31234420
CAAC,China Civil Aviation Institute,IQ31234420
CAAC,China Civil Aviation Institute,IQ31234420
CAAC,China Civil Aviation Institute,IQ31234420
CAAC,China Civil Aviation Institute,IQ31234420
